career_category,count,mean,std,min,25%,50%,75%,max
-1,127.0,23.188976377952756,2.9860317231768523,16.0,21.0,23.0,25.0,38.0
0,531.0,24.824858757062145,3.204569810238503,15.0,23.0,25.0,27.0,40.0
1,254.0,23.830708661417322,3.4052508120037146,15.0,22.0,24.0,25.0,48.0
